<?xml version="1.0" encoding="UTF-8"?>
<root>
  <item name="com.microsoft.azure.mobile.distribute.Distribute void notifyUpdateAction(int) 0">
    <annotation name="android.support.annotation.IntDef">
      <val name="value" val="{com.microsoft.azure.mobile.distribute.UpdateAction.UPDATE, com.microsoft.azure.mobile.distribute.UpdateAction.POSTPONE}" />
    </annotation>
  </item>
  <item name="com.microsoft.azure.mobile.distribute.UpdateAction">
    <annotation name="android.support.annotation.IntDef">
      <val name="value" val="{com.microsoft.azure.mobile.distribute.UpdateAction.UPDATE, com.microsoft.azure.mobile.distribute.UpdateAction.POSTPONE}" />
    </annotation>
  </item>
</root>

